<?xml version="1.0" encoding="UTF-8"?>
<!DOCTYPE generatorConfiguration
        PUBLIC "-//mybatis.org//DTD MyBatis Generator Configuration 1.0//EN"
        "http://mybatis.org/dtd/mybatis-generator-config_1_0.dtd">

<generatorConfiguration>
    <context id="testTables" targetRuntime="MyBatis3">
        <commentGenerator>
            <!-- 是否去除自动生成的注释 true：是 ： false:否 -->
            <property name="suppressAllComments" value="true"/>
        </commentGenerator>
        <!--数据库连接的信息：驱动类、连接地址、用户名、密码 -->
        <jdbcConnection driverClass="com.mysql.jdbc.Driver" connectionURL="jdbc:mysql://106.3.133.4:3306/WebShop"
                        userId="club203" password="club203"/>
        <!-- 默认false，把JDBC DECIMAL 和 NUMERIC 类型解析为 Integer，为 true时把JDBC DECIMAL和NUMERIC类型解析为java.math.BigDecimal -->
        <javaTypeResolver>
            <property name="forceBigDecimals" value="false"/>
        </javaTypeResolver>
        <javaModelGenerator targetPackage="main.hw.POJO" targetProject=".\src\main\java">
            <!-- enableSubPackages:是否让schema作为包的后缀 -->
            <property name="enableSubPackages" value="false"/>
            <!-- 从数据库返回的值被清理前后的空格 -->
            <property name="trimStrings" value="true"/>
        </javaModelGenerator>
        <!-- targetProject:mapper映射文件生成的位置，重要！！ -->
        <sqlMapGenerator targetPackage="main.hw.DAO" targetProject=".\src\main\java">
            <property name="enableSubPackages" value="false"/>
        </sqlMapGenerator>
        <!-- targetPackage：mapper接口生成的位置，重要！！ -->
        <javaClientGenerator type="XMLMAPPER" targetPackage="main.hw.DAO" targetProject=".\src\main\java">
            <property name="enableSubPackages" value="false"/>
        </javaClientGenerator>
        <!-- 指定数据库表，要生成哪些表，就写哪些表，要和数据库中对应，不能写错！ -->
        <table tableName="Address" enableCountByExample="false"
               enableUpdateByExample="false" enableDeleteByExample="false"
               enableSelectByExample="false" selectByExampleQueryId="false"/>
        <table tableName="Administrator" enableCountByExample="false"
               enableUpdateByExample="false" enableDeleteByExample="false"
               enableSelectByExample="false" selectByExampleQueryId="false"/>
        <table tableName="Manufacturer" enableCountByExample="false"
               enableUpdateByExample="false" enableDeleteByExample="false"
               enableSelectByExample="false" selectByExampleQueryId="false"/>
        <table tableName="MerchantUser" enableCountByExample="false"
               enableUpdateByExample="false" enableDeleteByExample="false"
               enableSelectByExample="false" selectByExampleQueryId="false"/>
        <table tableName="Order" enableCountByExample="false"
               enableUpdateByExample="false" enableDeleteByExample="false"
               enableSelectByExample="false" selectByExampleQueryId="false"/>
        <table tableName="Payment" enableCountByExample="false"
               enableUpdateByExample="false" enableDeleteByExample="false"
               enableSelectByExample="false" selectByExampleQueryId="false"/>
        <table tableName="PersonalInformation" enableCountByExample="false"
               enableUpdateByExample="false" enableDeleteByExample="false"
               enableSelectByExample="false" selectByExampleQueryId="false"/>
        <table tableName="Product" enableCountByExample="false"
               enableUpdateByExample="false" enableDeleteByExample="false"
               enableSelectByExample="false" selectByExampleQueryId="false"/>
        <table tableName="Transportation" enableCountByExample="false"
               enableUpdateByExample="false" enableDeleteByExample="false"
               enableSelectByExample="false" selectByExampleQueryId="false"/>
        <table tableName="TypeOfProduct" enableCountByExample="false"
               enableUpdateByExample="false" enableDeleteByExample="false"
               enableSelectByExample="false" selectByExampleQueryId="false"/>
        <table tableName="User" enableCountByExample="false"
               enableUpdateByExample="false" enableDeleteByExample="false"
               enableSelectByExample="false" selectByExampleQueryId="false"/>
    </context>

</generatorConfiguration>