<?xml version="1.0" encoding="UTF-8" ?>
<!DOCTYPE configuration
        PUBLIC "-//mybatis.org//DTD Config 3.0//EN"
        "http://mybatis.org/dtd/mybatis-3-config.dtd">

<configuration>
    <!-- <properties resource="db.properties"></properties> -->
    <typeAliases>
        <package name="DAO"/>
        <package name="POJO"/>
    </typeAliases>
    <environments default="mysql">
        <environment id="mysql">
            <transactionManager type="JDBC"/>
            <dataSource type="POOLED">
                <property name="driver" value="com.mysql.jdbc.Driver"/>
                <property name="url" value="jdbc:mysql://localhost:3306/WebShop"/>
                <property name="username" value=""/>
                <property name="password" value=""/>
            </dataSource>
        </environment>
    </environments>

    <mappers>
        <package name="DAO"/>
    </mappers>

</configuration>