<?xml version="1.0" encoding="UTF-8"?>
<!DOCTYPE mapper PUBLIC "-//mybatis.org//DTD Mapper 3.0//EN" "http://mybatis.org/dtd/mybatis-3-mapper.dtd">
<mapper namespace="DAO.AddressMapper">
    <resultMap id="BaseResultMap" type="POJO.Address">
        <result column="AddressID" jdbcType="INTEGER" property="addressid"/>
        <result column="Country" jdbcType="VARCHAR" property="country"/>
        <result column="City" jdbcType="VARCHAR" property="city"/>
        <result column="Street" jdbcType="VARCHAR" property="street"/>
        <result column="StreetNum" jdbcType="INTEGER" property="streetnum"/>
        <result column="Zip" jdbcType="INTEGER" property="zip"/>
    </resultMap>
    <insert id="insert" parameterType="POJO.Address">
    insert into Address (AddressID, Country, City, 
      Street, StreetNum, Zip
      )
    values (#{addressid,jdbcType=INTEGER}, #{country,jdbcType=VARCHAR}, #{city,jdbcType=VARCHAR}, 
      #{street,jdbcType=VARCHAR}, #{streetnum,jdbcType=INTEGER}, #{zip,jdbcType=INTEGER}
      )
  </insert>
    <insert id="insertSelective" parameterType="POJO.Address">
        insert into Address
        <trim prefix="(" suffix=")" suffixOverrides=",">
            <if test="addressid != null">
                AddressID,
            </if>
            <if test="country != null">
                Country,
            </if>
            <if test="city != null">
                City,
            </if>
            <if test="street != null">
                Street,
            </if>
            <if test="streetnum != null">
                StreetNum,
            </if>
            <if test="zip != null">
                Zip,
            </if>
        </trim>
        <trim prefix="values (" suffix=")" suffixOverrides=",">
            <if test="addressid != null">
                #{addressid,jdbcType=INTEGER},
            </if>
            <if test="country != null">
                #{country,jdbcType=VARCHAR},
            </if>
            <if test="city != null">
                #{city,jdbcType=VARCHAR},
            </if>
            <if test="street != null">
                #{street,jdbcType=VARCHAR},
            </if>
            <if test="streetnum != null">
                #{streetnum,jdbcType=INTEGER},
            </if>
            <if test="zip != null">
                #{zip,jdbcType=INTEGER},
            </if>
        </trim>
    </insert>
</mapper>