<?xml version="1.0" encoding="UTF-8"?>
<!DOCTYPE mapper PUBLIC "-//mybatis.org//DTD Mapper 3.0//EN" "http://mybatis.org/dtd/mybatis-3-mapper.dtd">
<mapper namespace="DAO.AdministratorMapper">
    <resultMap id="BaseResultMap" type="POJO.Administrator">
        <result column="ID" jdbcType="VARCHAR" property="id"/>
        <result column="Name" jdbcType="VARCHAR" property="name"/>
        <result column="Password" jdbcType="VARCHAR" property="password"/>
        <result column="CreatedAt" jdbcType="TIMESTAMP" property="createdat"/>
    </resultMap>
    <insert id="insert" parameterType="POJO.Administrator">
    insert into Administrator (ID, Name, Password, 
      CreatedAt)
    values (#{id,jdbcType=VARCHAR}, #{name,jdbcType=VARCHAR}, #{password,jdbcType=VARCHAR}, 
      #{createdat,jdbcType=TIMESTAMP})
  </insert>
    <insert id="insertSelective" parameterType="POJO.Administrator">
        insert into Administrator
        <trim prefix="(" suffix=")" suffixOverrides=",">
            <if test="id != null">
                ID,
            </if>
            <if test="name != null">
                Name,
            </if>
            <if test="password != null">
                Password,
            </if>
            <if test="createdat != null">
                CreatedAt,
            </if>
        </trim>
        <trim prefix="values (" suffix=")" suffixOverrides=",">
            <if test="id != null">
                #{id,jdbcType=VARCHAR},
            </if>
            <if test="name != null">
                #{name,jdbcType=VARCHAR},
            </if>
            <if test="password != null">
                #{password,jdbcType=VARCHAR},
            </if>
            <if test="createdat != null">
                #{createdat,jdbcType=TIMESTAMP},
            </if>
        </trim>
    </insert>
</mapper>