<?xml version="1.0" encoding="UTF-8"?>
<!DOCTYPE mapper PUBLIC "-//mybatis.org//DTD Mapper 3.0//EN" "http://mybatis.org/dtd/mybatis-3-mapper.dtd">
<mapper namespace="DAO.ManufacturerMapper">
    <resultMap id="BaseResultMap" type="POJO.Manufacturer">
        <result column="ManufacturerID" jdbcType="VARCHAR" property="manufacturerid"/>
        <result column="Name" jdbcType="VARCHAR" property="name"/>
        <result column="AddressID" jdbcType="INTEGER" property="addressid"/>
        <result column="Principal" jdbcType="INTEGER" property="principal"/>
        <result column="Website" jdbcType="VARCHAR" property="website"/>
    </resultMap>
    <insert id="insert" parameterType="POJO.Manufacturer">
    insert into Manufacturer (ManufacturerID, Name, AddressID, 
      Principal, Website)
    values (#{manufacturerid,jdbcType=VARCHAR}, #{name,jdbcType=VARCHAR}, #{addressid,jdbcType=INTEGER}, 
      #{principal,jdbcType=INTEGER}, #{website,jdbcType=VARCHAR})
  </insert>
    <insert id="insertSelective" parameterType="POJO.Manufacturer">
        insert into Manufacturer
        <trim prefix="(" suffix=")" suffixOverrides=",">
            <if test="manufacturerid != null">
                ManufacturerID,
            </if>
            <if test="name != null">
                Name,
            </if>
            <if test="addressid != null">
                AddressID,
            </if>
            <if test="principal != null">
                Principal,
            </if>
            <if test="website != null">
                Website,
            </if>
        </trim>
        <trim prefix="values (" suffix=")" suffixOverrides=",">
            <if test="manufacturerid != null">
                #{manufacturerid,jdbcType=VARCHAR},
            </if>
            <if test="name != null">
                #{name,jdbcType=VARCHAR},
            </if>
            <if test="addressid != null">
                #{addressid,jdbcType=INTEGER},
            </if>
            <if test="principal != null">
                #{principal,jdbcType=INTEGER},
            </if>
            <if test="website != null">
                #{website,jdbcType=VARCHAR},
            </if>
        </trim>
    </insert>
</mapper>