<?xml version="1.0" encoding="UTF-8"?>
<!DOCTYPE mapper PUBLIC "-//mybatis.org//DTD Mapper 3.0//EN" "http://mybatis.org/dtd/mybatis-3-mapper.dtd">
<mapper namespace="DAO.OrderMapper">
    <resultMap id="BaseResultMap" type="POJO.Order">
        <result column="OrderNumber" jdbcType="INTEGER" property="ordernumber"/>
        <result column="ProductID" jdbcType="VARCHAR" property="productid"/>
        <result column="ProductName" jdbcType="VARCHAR" property="productname"/>
        <result column="Quantity" jdbcType="INTEGER" property="quantity"/>
        <result column="State" jdbcType="VARCHAR" property="state"/>
        <result column="Tracking" jdbcType="VARCHAR" property="tracking"/>
        <result column="Seller" jdbcType="VARCHAR" property="seller"/>
        <result column="CreatedAt" jdbcType="TIMESTAMP" property="createdat"/>
    </resultMap>
    <insert id="insert" parameterType="POJO.Order">
    insert into Order (OrderNumber, ProductID, ProductName, 
      Quantity, State, Tracking, 
      Seller, CreatedAt)
    values (#{ordernumber,jdbcType=INTEGER}, #{productid,jdbcType=VARCHAR}, #{productname,jdbcType=VARCHAR}, 
      #{quantity,jdbcType=INTEGER}, #{state,jdbcType=VARCHAR}, #{tracking,jdbcType=VARCHAR}, 
      #{seller,jdbcType=VARCHAR}, #{createdat,jdbcType=TIMESTAMP})
  </insert>
    <insert id="insertSelective" parameterType="POJO.Order">
        insert into Order
        <trim prefix="(" suffix=")" suffixOverrides=",">
            <if test="ordernumber != null">
                OrderNumber,
            </if>
            <if test="productid != null">
                ProductID,
            </if>
            <if test="productname != null">
                ProductName,
            </if>
            <if test="quantity != null">
                Quantity,
            </if>
            <if test="state != null">
                State,
            </if>
            <if test="tracking != null">
                Tracking,
            </if>
            <if test="seller != null">
                Seller,
            </if>
            <if test="createdat != null">
                CreatedAt,
            </if>
        </trim>
        <trim prefix="values (" suffix=")" suffixOverrides=",">
            <if test="ordernumber != null">
                #{ordernumber,jdbcType=INTEGER},
            </if>
            <if test="productid != null">
                #{productid,jdbcType=VARCHAR},
            </if>
            <if test="productname != null">
                #{productname,jdbcType=VARCHAR},
            </if>
            <if test="quantity != null">
                #{quantity,jdbcType=INTEGER},
            </if>
            <if test="state != null">
                #{state,jdbcType=VARCHAR},
            </if>
            <if test="tracking != null">
                #{tracking,jdbcType=VARCHAR},
            </if>
            <if test="seller != null">
                #{seller,jdbcType=VARCHAR},
            </if>
            <if test="createdat != null">
                #{createdat,jdbcType=TIMESTAMP},
            </if>
        </trim>
    </insert>

    <select id="getOrders" resultType="POJO.Order">
    select * from `Order`;
  </select>

</mapper>