<?xml version="1.0" encoding="UTF-8"?>
<!DOCTYPE mapper PUBLIC "-//mybatis.org//DTD Mapper 3.0//EN" "http://mybatis.org/dtd/mybatis-3-mapper.dtd">
<mapper namespace="DAO.PaymentMapper">
    <resultMap id="BaseResultMap" type="POJO.Payment">
        <result column="PaymentID" jdbcType="INTEGER" property="paymentid"/>
        <result column="NameOnCard" jdbcType="VARCHAR" property="nameoncard"/>
        <result column="CreditCardNumber" jdbcType="VARCHAR" property="creditcardnumber"/>
        <result column="ExpYear" jdbcType="INTEGER" property="expyear"/>
        <result column="ExpMonth" jdbcType="VARCHAR" property="expmonth"/>
        <result column="CVV" jdbcType="INTEGER" property="cvv"/>
    </resultMap>
    <insert id="insert" parameterType="POJO.Payment">
    insert into Payment (PaymentID, NameOnCard, CreditCardNumber, 
      ExpYear, ExpMonth, CVV
      )
    values (#{paymentid,jdbcType=INTEGER}, #{nameoncard,jdbcType=VARCHAR}, #{creditcardnumber,jdbcType=VARCHAR}, 
      #{expyear,jdbcType=INTEGER}, #{expmonth,jdbcType=VARCHAR}, #{cvv,jdbcType=INTEGER}
      )
  </insert>
    <insert id="insertSelective" parameterType="POJO.Payment">
        insert into Payment
        <trim prefix="(" suffix=")" suffixOverrides=",">
            <if test="paymentid != null">
                PaymentID,
            </if>
            <if test="nameoncard != null">
                NameOnCard,
            </if>
            <if test="creditcardnumber != null">
                CreditCardNumber,
            </if>
            <if test="expyear != null">
                ExpYear,
            </if>
            <if test="expmonth != null">
                ExpMonth,
            </if>
            <if test="cvv != null">
                CVV,
            </if>
        </trim>
        <trim prefix="values (" suffix=")" suffixOverrides=",">
            <if test="paymentid != null">
                #{paymentid,jdbcType=INTEGER},
            </if>
            <if test="nameoncard != null">
                #{nameoncard,jdbcType=VARCHAR},
            </if>
            <if test="creditcardnumber != null">
                #{creditcardnumber,jdbcType=VARCHAR},
            </if>
            <if test="expyear != null">
                #{expyear,jdbcType=INTEGER},
            </if>
            <if test="expmonth != null">
                #{expmonth,jdbcType=VARCHAR},
            </if>
            <if test="cvv != null">
                #{cvv,jdbcType=INTEGER},
            </if>
        </trim>
    </insert>
</mapper>