<?xml version="1.0" encoding="UTF-8"?>
<!DOCTYPE mapper PUBLIC "-//mybatis.org//DTD Mapper 3.0//EN" "http://mybatis.org/dtd/mybatis-3-mapper.dtd">
<mapper namespace="DAO.PersonalinformationMapper">
    <resultMap id="BaseResultMap" type="POJO.Personalinformation">
        <result column="PersonalID" jdbcType="INTEGER" property="personalid"/>
        <result column="Title" jdbcType="VARCHAR" property="title"/>
        <result column="FirstName" jdbcType="VARCHAR" property="firstname"/>
        <result column="LastName" jdbcType="VARCHAR" property="lastname"/>
        <result column="Email" jdbcType="VARCHAR" property="email"/>
        <result column="Telephone" jdbcType="VARCHAR" property="telephone"/>
    </resultMap>
    <insert id="insert" parameterType="POJO.Personalinformation">
    insert into PersonalInformation (PersonalID, Title, FirstName, 
      LastName, Email, Telephone
      )
    values (#{personalid,jdbcType=INTEGER}, #{title,jdbcType=VARCHAR}, #{firstname,jdbcType=VARCHAR}, 
      #{lastname,jdbcType=VARCHAR}, #{email,jdbcType=VARCHAR}, #{telephone,jdbcType=VARCHAR}
      )
  </insert>
    <insert id="insertSelective" parameterType="POJO.Personalinformation">
        insert into PersonalInformation
        <trim prefix="(" suffix=")" suffixOverrides=",">
            <if test="personalid != null">
                PersonalID,
            </if>
            <if test="title != null">
                Title,
            </if>
            <if test="firstname != null">
                FirstName,
            </if>
            <if test="lastname != null">
                LastName,
            </if>
            <if test="email != null">
                Email,
            </if>
            <if test="telephone != null">
                Telephone,
            </if>
        </trim>
        <trim prefix="values (" suffix=")" suffixOverrides=",">
            <if test="personalid != null">
                #{personalid,jdbcType=INTEGER},
            </if>
            <if test="title != null">
                #{title,jdbcType=VARCHAR},
            </if>
            <if test="firstname != null">
                #{firstname,jdbcType=VARCHAR},
            </if>
            <if test="lastname != null">
                #{lastname,jdbcType=VARCHAR},
            </if>
            <if test="email != null">
                #{email,jdbcType=VARCHAR},
            </if>
            <if test="telephone != null">
                #{telephone,jdbcType=VARCHAR},
            </if>
        </trim>
    </insert>

    <select id="getPersonalInformations" resultType="POJO.Personalinformation">
    select * from PersonalInformation;
  </select>

</mapper>