<?xml version="1.0" encoding="UTF-8"?>
<!DOCTYPE mapper PUBLIC "-//mybatis.org//DTD Mapper 3.0//EN" "http://mybatis.org/dtd/mybatis-3-mapper.dtd">
<mapper namespace="DAO.ProductMapper">
    <resultMap id="BaseResultMap" type="POJO.Product">
        <result column="ProductID" jdbcType="VARCHAR" property="productid"/>
        <result column="ProductName" jdbcType="VARCHAR" property="productname"/>
        <result column="TypeOfProduct" jdbcType="VARCHAR" property="typeofproduct"/>
        <result column="ProductOwner" jdbcType="VARCHAR" property="productowner"/>
        <result column="InventoryQuantity" jdbcType="INTEGER" property="inventoryquantity"/>
        <result column="Description" jdbcType="VARCHAR" property="description"/>
        <result column="Currency" jdbcType="VARCHAR" property="currency"/>
        <result column="Price" jdbcType="DECIMAL" property="price"/>
        <result column="Manufacturer" jdbcType="VARCHAR" property="manufacturer"/>
    </resultMap>
    <insert id="insert" parameterType="POJO.Product">
    insert into Product (ProductID, ProductName, TypeOfProduct, 
      ProductOwner, InventoryQuantity, Description, 
      Currency, Price, Manufacturer
      )
    values (#{productid,jdbcType=VARCHAR}, #{productname,jdbcType=VARCHAR}, #{typeofproduct,jdbcType=VARCHAR}, 
      #{productowner,jdbcType=VARCHAR}, #{inventoryquantity,jdbcType=INTEGER}, #{description,jdbcType=VARCHAR}, 
      #{currency,jdbcType=VARCHAR}, #{price,jdbcType=DECIMAL}, #{manufacturer,jdbcType=VARCHAR}
      )
  </insert>
    <insert id="insertSelective" parameterType="POJO.Product">
        insert into Product
        <trim prefix="(" suffix=")" suffixOverrides=",">
            <if test="productid != null">
                ProductID,
            </if>
            <if test="productname != null">
                ProductName,
            </if>
            <if test="typeofproduct != null">
                TypeOfProduct,
            </if>
            <if test="productowner != null">
                ProductOwner,
            </if>
            <if test="inventoryquantity != null">
                InventoryQuantity,
            </if>
            <if test="description != null">
                Description,
            </if>
            <if test="currency != null">
                Currency,
            </if>
            <if test="price != null">
                Price,
            </if>
            <if test="manufacturer != null">
                Manufacturer,
            </if>
        </trim>
        <trim prefix="values (" suffix=")" suffixOverrides=",">
            <if test="productid != null">
                #{productid,jdbcType=VARCHAR},
            </if>
            <if test="productname != null">
                #{productname,jdbcType=VARCHAR},
            </if>
            <if test="typeofproduct != null">
                #{typeofproduct,jdbcType=VARCHAR},
            </if>
            <if test="productowner != null">
                #{productowner,jdbcType=VARCHAR},
            </if>
            <if test="inventoryquantity != null">
                #{inventoryquantity,jdbcType=INTEGER},
            </if>
            <if test="description != null">
                #{description,jdbcType=VARCHAR},
            </if>
            <if test="currency != null">
                #{currency,jdbcType=VARCHAR},
            </if>
            <if test="price != null">
                #{price,jdbcType=DECIMAL},
            </if>
            <if test="manufacturer != null">
                #{manufacturer,jdbcType=VARCHAR},
            </if>
        </trim>
    </insert>

    <select id="getProducts" resultType="POJO.Product">
    select * from Product;
  </select>
</mapper>