<?xml version="1.0" encoding="UTF-8"?>
<!DOCTYPE mapper PUBLIC "-//mybatis.org//DTD Mapper 3.0//EN" "http://mybatis.org/dtd/mybatis-3-mapper.dtd">
<mapper namespace="DAO.TransportationMapper">
    <resultMap id="BaseResultMap" type="POJO.Transportation">
        <result column="TrackingID" jdbcType="VARCHAR" property="trackingid"/>
        <result column="StartingPlace" jdbcType="VARCHAR" property="startingplace"/>
        <result column="Destination" jdbcType="VARCHAR" property="destination"/>
        <result column="CreatedAt" jdbcType="TIMESTAMP" property="createdat"/>
    </resultMap>
    <insert id="insert" parameterType="POJO.Transportation">
    insert into Transportation (TrackingID, StartingPlace, Destination, 
      CreatedAt)
    values (#{trackingid,jdbcType=VARCHAR}, #{startingplace,jdbcType=VARCHAR}, #{destination,jdbcType=VARCHAR}, 
      #{createdat,jdbcType=TIMESTAMP})
  </insert>
    <insert id="insertSelective" parameterType="POJO.Transportation">
        insert into Transportation
        <trim prefix="(" suffix=")" suffixOverrides=",">
            <if test="trackingid != null">
                TrackingID,
            </if>
            <if test="startingplace != null">
                StartingPlace,
            </if>
            <if test="destination != null">
                Destination,
            </if>
            <if test="createdat != null">
                CreatedAt,
            </if>
        </trim>
        <trim prefix="values (" suffix=")" suffixOverrides=",">
            <if test="trackingid != null">
                #{trackingid,jdbcType=VARCHAR},
            </if>
            <if test="startingplace != null">
                #{startingplace,jdbcType=VARCHAR},
            </if>
            <if test="destination != null">
                #{destination,jdbcType=VARCHAR},
            </if>
            <if test="createdat != null">
                #{createdat,jdbcType=TIMESTAMP},
            </if>
        </trim>
    </insert>
</mapper>