<?xml version="1.0" encoding="UTF-8"?>
<!DOCTYPE mapper PUBLIC "-//mybatis.org//DTD Mapper 3.0//EN" "http://mybatis.org/dtd/mybatis-3-mapper.dtd">
<mapper namespace="DAO.TypeofproductMapper">
    <resultMap id="BaseResultMap" type="POJO.Typeofproduct">
        <result column="ID" jdbcType="VARCHAR" property="id"/>
        <result column="Type" jdbcType="VARCHAR" property="type"/>
    </resultMap>
    <insert id="insert" parameterType="POJO.Typeofproduct">
    insert into TypeOfProduct (ID, Type)
    values (#{id,jdbcType=VARCHAR}, #{type,jdbcType=VARCHAR})
  </insert>
    <insert id="insertSelective" parameterType="POJO.Typeofproduct">
        insert into TypeOfProduct
        <trim prefix="(" suffix=")" suffixOverrides=",">
            <if test="id != null">
                ID,
            </if>
            <if test="type != null">
                Type,
            </if>
        </trim>
        <trim prefix="values (" suffix=")" suffixOverrides=",">
            <if test="id != null">
                #{id,jdbcType=VARCHAR},
            </if>
            <if test="type != null">
                #{type,jdbcType=VARCHAR},
            </if>
        </trim>
    </insert>
</mapper>