<?xml version="1.0" encoding="UTF-8"?>
<!DOCTYPE mapper PUBLIC "-//mybatis.org//DTD Mapper 3.0//EN" "http://mybatis.org/dtd/mybatis-3-mapper.dtd">
<mapper namespace="DAO.UserMapper">
    <resultMap id="BaseResultMap" type="POJO.User">
        <result column="ID" jdbcType="VARCHAR" property="id"/>
        <result column="PersonalID" jdbcType="INTEGER" property="personalid"/>
        <result column="PaymentID" jdbcType="INTEGER" property="paymentid"/>
        <result column="AddressID" jdbcType="INTEGER" property="addressid"/>
        <result column="UserName" jdbcType="VARCHAR" property="username"/>
        <result column="Password" jdbcType="VARCHAR" property="password"/>
        <result column="AdministratorID" jdbcType="VARCHAR" property="administratorid"/>
        <result column="OrderNumber" jdbcType="INTEGER" property="ordernumber"/>
        <result column="CreatedAt" jdbcType="TIMESTAMP" property="createdat"/>
    </resultMap>
    <insert id="insert" parameterType="POJO.User">
    insert into User (ID, PersonalID, PaymentID, 
      AddressID, UserName, Password, 
      AdministratorID, OrderNumber, CreatedAt
      )
    values (#{id,jdbcType=VARCHAR}, #{personalid,jdbcType=INTEGER}, #{paymentid,jdbcType=INTEGER}, 
      #{addressid,jdbcType=INTEGER}, #{username,jdbcType=VARCHAR}, #{password,jdbcType=VARCHAR}, 
      #{administratorid,jdbcType=VARCHAR}, #{ordernumber,jdbcType=INTEGER}, #{createdat,jdbcType=TIMESTAMP}
      )
  </insert>
    <insert id="insertSelective" parameterType="POJO.User">
        insert into User
        <trim prefix="(" suffix=")" suffixOverrides=",">
            <if test="id != null">
                ID,
            </if>
            <if test="personalid != null">
                PersonalID,
            </if>
            <if test="paymentid != null">
                PaymentID,
            </if>
            <if test="addressid != null">
                AddressID,
            </if>
            <if test="username != null">
                UserName,
            </if>
            <if test="password != null">
                Password,
            </if>
            <if test="administratorid != null">
                AdministratorID,
            </if>
            <if test="ordernumber != null">
                OrderNumber,
            </if>
            <if test="createdat != null">
                CreatedAt,
            </if>
        </trim>
        <trim prefix="values (" suffix=")" suffixOverrides=",">
            <if test="id != null">
                #{id,jdbcType=VARCHAR},
            </if>
            <if test="personalid != null">
                #{personalid,jdbcType=INTEGER},
            </if>
            <if test="paymentid != null">
                #{paymentid,jdbcType=INTEGER},
            </if>
            <if test="addressid != null">
                #{addressid,jdbcType=INTEGER},
            </if>
            <if test="username != null">
                #{username,jdbcType=VARCHAR},
            </if>
            <if test="password != null">
                #{password,jdbcType=VARCHAR},
            </if>
            <if test="administratorid != null">
                #{administratorid,jdbcType=VARCHAR},
            </if>
            <if test="ordernumber != null">
                #{ordernumber,jdbcType=INTEGER},
            </if>
            <if test="createdat != null">
                #{createdat,jdbcType=TIMESTAMP},
            </if>
        </trim>
    </insert>

    <select id="getUsers" resultType="POJO.User">
    select * from `User`;
  </select>
</mapper>